1Jy 0003-00 | *3C2, radec J2000, 0:06:22.5984h, -0:04:23.952d, (16 31400 3.15 -0.8 0 0 -0.69 -1)
1Jy 0003-06, radec J2000, 0:06:13.908h, -6:23:34.908d, (408 31400 -0.14 0.06 0 0 4.21 -1)
1Jy 0008-42, radec J2000, 0:10:53.0472h, -41:52:51.384d, (468 5009 8.09 -1.98 0 0 -27.97 -1)
1Jy 0010+40, radec J2000, 0:13:31.0272h, 40:51:41.652d, (408 31400 -1.6 0.31 0 0 19.17 -1)
1Jy 0013+79 | *3C6.1, radec J2000, 0:16:32.2608h, 79:16:51.672d, (38 31400 3.551 -0.9572)
1Jy 0016+73, radec J2000, 0:19:45.7272h, 73:27:30.348d, (408 31400 -0.6009 0.2055)
1Jy 0019-00, radec J2000, 0:22:25.4448h, 0:14:55.932d, (318 10695 7.4 -1.78 0 0 -31.28 -1)
1Jy 0022-29, radec J2000, 0:24:30.3744h, -29:28:53.688d, (80 10695 3.18 -0.86)
1Jy 0022-423, radec J2000, 0:24:42.9912h, -42:02:03.444d, (800 8870 10.64 -2.4 0 0 -61.26 -1)
1Jy 0023-26, radec J2000, 0:25:49.1472h, -26:02:15.72d, (80 31400 4.19 -0.94 0 0 -6.26 -1)
1Jy 0026+34, radec J2000, 0:29:14.2536h, 34:56:32.568d, (365 31400 3.1 -0.72 0 0 -13.15 -1)
1Jy 0034-01 | *3C15, radec J2000, 0:37:04.0872h, -1:09:08.388d, (12 31400 3.18 -0.81 0 0 -1.03 -1)
1Jy 0035-02 | *3C17, radec J2000, 0:38:20.4552h, -2:07:38.46d, (12 31400 3.03 -0.7 0 0 0.23 -1)
1Jy 0038+32 | *3C19, radec J2000, 0:40:55.056h, 33:10:08.4d, (26 14900 3.84 -1 0 0 -4.12 -1)
1Jy 0038+09 | *3C18, radec J2000, 0:40:50.2656h, 10:03:22.644d, (15 31400 3 -0.75)
1Jy 0039-44, radec J2000, 0:42:08.9976h, -44:14:02.04d, (80 8870 3.15 -0.83)
1Jy 0040+51 | *3C20.0, radec J2000, 0:43:08.9064h, 52:03:32.616d, (26 14900 3.97 -0.9 0 0 -2.33 -1)
1Jy 0042-35, radec J2000, 0:44:41.3736h, -35:30:28.008d, (800 5009 2.537 -0.682)
1Jy 0043-42, radec J2000, 0:46:17.6832h, -42:07:42.852d, (80 31400 3.21 -0.73)
1Jy 0045-25, radec J2000, 0:47:32.8848h, -25:17:18.96d, (80 31400 3.2 -0.77)
1Jy 0047-579, radec J2000, 0:49:59.6112h, -57:38:28.176d, (800 5009 -0.8338 0.3282)
1Jy 0048-09, radec J2000, 0:50:41.3256h, -9:29:05.46d, (365 90000 -0.8074 0.3024)
1Jy 0055+30, radec J2000, 0:57:48.888h, 30:21:08.64d, (178 90000 0.9413 -0.2178)
1Jy 0055-01 | *3C29, radec J2000, 0:57:34.8264h, -1:23:33.792d, (12 31400 2.63 -0.62 0 0 1.16 -1)
1Jy 0056-00, radec J2000, 0:59:05.5128h, 0:06:51.876d, (318 90000 1.56 -0.37)
1Jy 0056-572, radec J2000, 0:58:46.6032h, -56:59:11.04d, (800 5000 -2.1 0.5788)
1Jy 0104+32 | *3C31, radec J2000, 1:07:27.3936h, 32:24:08.244d, (26 22000 2.98 -0.7 0 0 -1.02 -1)
1Jy 0105-16 | *3C32, radec J2000, 1:08:16.9368h, -16:04:21.288d, (80 10695 5.93 -1.54 0 0 -9.85 -1)
1Jy 0106+13 | *3C33, radec J2000, 1:08:50.3808h, 13:18:32.436d, (13 10695 3.32 -0.7)
1Jy 0106+01, radec J2000, 1:08:38.7672h, 1:35:00.384d, (318 90000 -0.1755 0.1774)
1Jy 0108+38, radec J2000, 1:11:37.3296h, 39:06:28.116d, (800 31400 14.12 -2.99 0 0 -119 -1)
1Jy 0112-01, radec J2000, 1:15:17.0304h, -1:27:03.024d, (318 31400 -0.34 0.11)
1Jy 0113-118, radec J2000, 1:16:12.5976h, -11:36:17.496d, (408 31400 2.63 -0.6 0 0 -8.44 -1)
1Jy 0114-21, radec J2000, 1:16:51.3552h, -20:52:05.088d, (365 10695 4.86 -1.24 0 0 -8.03 -1)
1Jy 0116+31, radec J2000, 1:19:35.0016h, 32:10:50.16d, (318 31400 1.48 -0.35)
1Jy 0116+08, radec J2000, 1:19:01.2864h, 8:29:54.96d, (178 31400 2.1 -0.55)
1Jy 0117-15 | *3C38, radec J2000, 1:20:27.3312h, -15:20:14.208d, (80 31400 3.63 -0.93)
1Jy 0118-272, radec J2000, 1:20:31.656h, -27:01:23.916d, (800 31400 0.7 -0.19)
1Jy 0119+11, radec J2000, 1:21:41.5896h, 11:49:50.808d, (318 10695 -3.06 0.68 0 0 20.53 -1)
1Jy 0119+04, radec J2000, 1:21:56.8752h, 4:22:24.42d, (318 90000 0.3325 -0.05153)
1Jy 0122-00, radec J2000, 1:25:28.86h, -0:05:55.284d, (318 90000 0.2628 -0.03316)
1Jy 0123+32 | *3C41, radec J2000, 1:26:44.4144h, 33:13:09.048d, (38 31400 3.78 -0.95 0 0 -5.13 -1)
1Jy 0123-01 | *3C40, radec J2000, 1:26:03.1128h, -1:23:40.488d, (12 5009 3.231 -0.7965)
1Jy 0127+23 | *3C43, radec J2000, 1:29:59.7984h, 23:38:20.832d, (26 14900 2.83 -0.76)
1Jy 0130-17, radec J2000, 1:32:43.5432h, -16:54:48.276d, (365 31400 0.67 -0.2)
1Jy 0131-36, radec J2000, 1:33:52.2024h, -36:29:18.492d, (80 5000 1.77 0.05 0 0 -0.04 1)
1Jy 0131-522, radec J2000, 1:33:06.1464h, -52:00:04.32d, (800 5000 -0.59 0.1829)
1Jy 0133+47, radec J2000, 1:36:58.6008h, 47:51:29.376d, (408 90000 -0.05234 0.1124)
1Jy 0133+20 | *3C47, radec J2000, 1:36:24.2976h, 20:57:33.228d, (13 31400 3.65 -0.97)
1Jy 0134+32 | *3C48, radec J2000, 1:37:41.2992h, 33:09:35.496d, (26 14900 3.866 -0.851)
1Jy 0135-247, radec J2000, 1:37:38.4h, -24:30:56.736d, (408 31400 0.7499 -0.1833)
1Jy 0138-09, radec J2000, 1:41:25.7664h, -9:28:42.924d, (800 31400 3.51 -0.63 0 0 -43.59 -1)
1Jy 0146+05, radec J2000, 1:49:22.4208h, 5:55:52.284d, (318 90000 -0.24 0.04 0 0 -0.45 -1)
1Jy 0149+21, radec J2000, 1:52:18.1104h, 22:07:07.068d, (318 31400 -2.13 0.46 0 0 17.66 -1)
1Jy 0153+74, radec J2000, 1:57:34.8864h, 74:42:43.236d, (408 31400 2.73 -0.61 0 0 -12 -1)
1Jy 0157-31, radec J2000, 2:00:12.3168h, -30:53:20.436d, (80 31400 3.21 -0.83)
1Jy 0159-11 | *3C57, radec J2000, 2:01:57.1488h, -11:32:34.44d, (16 31400 2.15 -0.55 0 0 1.47 -1)
1Jy 0201-44, radec J2000, 2:03:40.6536h, -43:49:52.068d, (800 5009 2.216 -0.5894)
1Jy 0202+31, radec J2000, 2:05:04.9104h, 32:12:30.096d, (318 31400 -0.2542 0.07572)
1Jy 0202+14, radec J2000, 2:04:50.424h, 15:14:10.716d, (318 90000 1.613 -0.324)
1Jy 0202-17, radec J2000, 2:04:57.864h, -17:01:22.656d, (365 31400 0.0849 0.01685)
1Jy 0208-512, radec J2000, 2:10:46.3416h, -51:01:02.1d, (800 5000 0.9569 -0.1182)
1Jy 0210+86 | *3C61.1, radec J2000, 2:22:40.0296h, 86:18:06.084d, (38 31400 4.242 -1.101)
1Jy 0212+73, radec J2000, 2:17:30.7728h, 73:49:32.844d, (408 31400 0.1528 0.05688)
1Jy 0213-132 | *3C62, radec J2000, 2:15:36.7512h, -12:59:29.112d, (80 8870 3.41 -0.86)
1Jy 0218+35, radec J2000, 2:21:05.4408h, 35:56:13.992d, (318 90000 0.62 -0.17 0 0 0 1)
1Jy 0220+42 | *3C66.0, radec J2000, 2:23:12.1032h, 43:00:03.708d, (26 14900 3.28 -0.7273)
1Jy 0221+06, radec J2000, 2:24:28.4232h, 6:59:23.388d, (318 90000 0.4651 -0.1532)
1Jy 0223+34, radec J2000, 2:26:10.3416h, 34:21:30.564d, (408 87200 1.71 -0.43)
1Jy 0229+13, radec J2000, 2:31:45.8856h, 13:22:54.444d, (318 90000 0.4459 -0.08745)
1Jy 0234+28, radec J2000, 2:37:52.3848h, 28:48:09.792d, (318 90000 0.2157 0.005433)
1Jy 0235+16, radec J2000, 2:38:38.916h, 16:36:59.364d, (318 90000 -0.146 0.1068)
1Jy 0235-19, radec J2000, 2:37:43.5888h, -19:32:31.848d, (80 10695 5.35 -1.36 0 0 -8.71 -1)
1Jy 0237-23, radec J2000, 2:40:08.1816h, -23:09:15.696d, (408 31400 1.498 -0.2682)
1Jy 0238-084, radec J2000, 2:41:04.68h, -8:15:17.64d, (408 31400 -1.052 0.3179)
1Jy 0240-00 | *3C71, radec J2000, 2:42:40.7496h, -0:00:46.836d, (14 31400 3.71 -0.91 0 0 -3.4 -1)
1Jy 0248+43, radec J2000, 2:51:34.5408h, 43:15:15.948d, (408 31400 -3.33 1.19 0 0 -0.02 1)
1Jy 0252-71, radec J2000, 2:52:46.8408h, -71:04:37.56d, (408 8870 3.84 -0.98)
1Jy 0255+05 | *3C75, radec J2000, 2:57:43.4904h, 6:02:40.74d, (12 10695 3.19 -0.76)
1Jy 0256+07, radec J2000, 2:59:27.0576h, 7:47:39.876d, (318 90000 -0.2483 0.06123)
1Jy 0300+16 | *3C76.1, radec J2000, 3:03:14.9088h, 16:26:12.912d, (15 10695 2.61 -0.67)
1Jy 0302-623, radec J2000, 3:03:50.8896h, -62:11:27.384d, (800 8870 0.0007615 0.03242)
1Jy 0305+03 | *3C78, radec J2000, 3:08:26.2752h, 4:06:40.14d, (12 22000 2.67 -0.57)
1Jy 0307+16 | *3C79, radec J2000, 3:09:59.7288h, 17:06:03.6d, (10 31400 4.02 -1.04 0 0 -1.69 -1)
1Jy 0308-611, radec J2000, 3:09:56.112h, -60:58:39.684d, (800 5000 -2.688 0.7628)
1Jy 0315+41 | *3C83.1, radec J2000, 3:18:18.9048h, 41:52:07.212d, (26 5000 3.27 -0.75)
1Jy 0316+41 | *3C84.0, radec J2000, 3:19:48.1632h, 41:30:42.156d, (26 90000 -0.3096 0.495)
1Jy 0316+16, radec J2000, 3:18:57.7992h, 16:28:32.844d, (178 31400 7.61 -1.74 0 0 -28.92 -1)
1Jy 0319+12, radec J2000, 3:21:53.1024h, 12:21:14.292d, (318 31400 2.86 -0.7 0 0 -8.67 -1)
1Jy 0320-37, radec J2000, 3:22:36.4752h, -37:14:21.12d, (408 5000 3.486 -0.4651)
1Jy 0325+02 | *3C88, radec J2000, 3:27:54.912h, 2:33:43.812d, (12 31400 2.83 -0.68)
1Jy 0332+07, radec J2000, 3:34:53.3568h, 8:00:13.14d, (318 31400 -1.645 0.4263)
1Jy 0332-403, radec J2000, 3:34:13.6416h, -40:08:24.684d, (800 89600 8.06 -1.64 0 0 -66.37 -1)
1Jy 0336-01, radec J2000, 3:39:30.9384h, -1:46:35.832d, (318 90000 -0.1126 0.1484)
1Jy 0347+05, radec J2000, 3:49:47.5128h, 5:51:15.768d, (16 31400 2.66 -0.69)
1Jy 0349-27, radec J2000, 3:51:35.8608h, -27:44:33.432d, (80 5009 3.022 -0.7242)
1Jy 0356+10 | *3C98, radec J2000, 3:58:54.66h, 10:26:04.38d, (13 10695 3.34 -0.72)
1Jy 0400+25, radec J2000, 4:03:05.6088h, 26:00:02.268d, (318 90000 3.57 -0.79 0 0 -19.37 -1)
1Jy 0400-319, radec J2000, 4:02:21.5472h, -31:47:44.952d, (800 31400 0.4609 -0.1177)
1Jy 0402+37, radec J2000, 4:05:49.3512h, 38:03:34.092d, (365 31400 1.53 -0.4)
1Jy 0402-362, radec J2000, 4:03:53.7384h, -36:05:01.788d, (800 31400 -1.55 0.4567)
1Jy 0403+76, radec J2000, 4:10:45.0456h, 76:56:46.788d, (408 31400 3.45 -0.76 0 0 -7.93 -1)
1Jy 0403-13, radec J2000, 4:05:34.0368h, -13:08:16.368d, (408 89600 1.808 -0.3685)
1Jy 0404+03 | *3C105, radec J2000, 4:07:25.5216h, 3:40:47.532d, (38 31400 2.762 -0.6451)
1Jy 0405-12, radec J2000, 4:07:48.384h, -12:11:35.52d, (14 31400 2.026 -0.464)
1Jy 0405-385, radec J2000, 4:06:59.7096h, -38:26:21.012d, (800 31400 -0.3599 0.1074)
1Jy 0407-65, radec J2000, 4:08:20.3952h, -65:44:59.064d, (468 5009 4.82 -1.15)
1Jy 0409-75, radec J2000, 4:08:48.8616h, -75:07:11.748d, (468 5009 3.84 -0.86)
1Jy 0410+11 | *3C109, radec J2000, 4:13:40.5552h, 11:12:21.132d, (13 31400 2.78 -0.7 0 0 1.27 -1)
1Jy 0413-21, radec J2000, 4:16:04.3848h, -20:56:28.536d, (80 31400 3.02 -0.86 0 0 0.01 1)
1Jy 0414-189, radec J2000, 4:16:36.5064h, -18:51:04.788d, (800 31400 1.12 -0.29)
1Jy 0420-01, radec J2000, 4:23:15.7944h, -1:20:32.712d, (12 90000 -0.4777 0.1841)
1Jy 0426-380, radec J2000, 4:28:40.452h, -37:56:19.824d, (800 31400 5.99 -1.3 0 0 -45.82 -1)
1Jy 0427-53, radec J2000, 4:29:06.8568h, -53:49:38.388d, (408 5009 3.53 -0.88)
1Jy 0428+20, radec J2000, 4:31:03.7512h, 20:37:34.356d, (318 31400 5.38 -1.19 0 0 -24.09 -1)
1Jy 0430+05 | *3C120, radec J2000, 4:33:11.088h, 5:21:15.552d, (14 90000 0.05098 0.2347)
1Jy 0433+29 | *3C123, radec J2000, 4:37:04.5744h, 29:40:14.844d, (26 87200 4.275 -0.8324)
1Jy 0434-188, radec J2000, 4:37:01.5312h, -18:44:49.812d, (800 8085 0.4027 -0.1027)
1Jy 0437-454, radec J2000, 4:39:03.1824h, -45:22:30.072d, (800 5000 -0.7196 0.2349)
1Jy 0438-43, radec J2000, 4:40:17.1672h, -43:33:08.532d, (408 31400 1.332 -0.1595)
1Jy 0440-00, radec J2000, 4:42:38.6544h, -0:17:43.8d, (12 90000 0.7105 -0.1035)
1Jy 0442-28, radec J2000, 4:44:36.5712h, -28:09:43.992d, (80 31400 3.82 -0.94)
1Jy 0446+11, radec J2000, 4:49:07.6512h, 11:21:29.7d, (318 31400 -0.1738 0.04597)
1Jy 0451-28, radec J2000, 4:53:14.6496h, -28:07:37.812d, (365 31400 2.37 -0.48 0 0 -10.87 -1)
1Jy 0453+22 | *3C132.0, radec J2000, 4:56:42.8592h, 22:49:21.252d, (26 14900 3.69 -0.97 0 0 -2.66 -1)
1Jy 0453-20, radec J2000, 4:55:23.7936h, -20:34:15.384d, (80 31400 3.88 -0.95 0 0 -4.75 -1)
1Jy 0453-30, radec J2000, 4:55:14.2968h, -30:06:49.86d, (80 5009 3.01 -0.79)
1Jy 0454+84, radec J2000, 5:08:42.2856h, 84:32:04.704d, (800 31400 -0.9349 0.2833)
1Jy 0454-46, radec J2000, 4:55:51.2208h, -46:15:58.968d, (800 8870 0.36)
1Jy 0454-81, radec J2000, 4:50:04.92h, -81:01:02.568d, (800 5009 -1.14 0.349)
1Jy 0454-234, radec J2000, 4:57:03.192h, -23:24:52.56d, (408 31400 -0.2308 0.1515)
1Jy 0457+02, radec J2000, 4:59:52.032h, 2:29:31.488d, (408 31400 -0.0008709 0.02371)
1Jy 0458-02, radec J2000, 5:01:12.7992h, -1:59:13.668d, (365 31400 0.3682 -0.01765)
1Jy 0500+01, radec J2000, 5:03:21.1968h, 2:03:05.436d, (318 87200 6.49 -1.42 0 0 -39.09 -1)
1Jy 0506-61, radec J2000, 5:06:44.112h, -61:09:40.752d, (800 8870 -10.41 2.34 0 0 80.8 -1)
1Jy 0511+00 | *3C135, radec J2000, 5:14:07.0848h, 0:56:37.86d, (12 31400 3.03 -0.81)
1Jy 0511-30, radec J2000, 5:13:33.8184h, -30:28:10.092d, (408 5009 2.15 -0.49)
1Jy 0511-220, radec J2000, 5:13:49.2288h, -21:59:19.608d, (408 31400 3.9 -0.82 0 0 -28.98 -1)
1Jy 0514-459, radec J2000, 5:15:44.4336h, -45:56:38.472d, (800 5009 1.201 -0.3178)
1Jy 0518+16 | *3C138.0, radec J2000, 5:21:09.9h, 16:38:22.02d, (160 22000 3.053 -0.6675)
1Jy 0518-45, radec J2000, 5:19:44.3088h, -45:46:40.62d, (80 5000 6.51 -1.38 0 0 -8.31 -1)
1Jy 0521-36, radec J2000, 5:22:57.8976h, -36:27:31.356d, (80 31400 3.029 -0.5585)
1Jy 0524-460, radec J2000, 5:25:31.2888h, -45:57:47.592d, (800 5009 -0.5351 0.144)
1Jy 0528+134, radec J2000, 5:30:56.4048h, 13:31:55.488d, (408 22000 -3.23 1.37 0 0 -0.03 1)
1Jy 0528-250, radec J2000, 5:30:07.9944h, -25:03:28.26d, (800 10695 2.1 -0.57)
1Jy 0537-286, radec J2000, 5:39:54.2424h, -28:39:54.684d, (800 31400 13.14 -2.77 0 0 -117 -1)
1Jy 0537-441, radec J2000, 5:38:50.3472h, -44:05:09.276d, (800 8870 4.83 -1.82 0 0 0.06 1)
1Jy 0538+49 | *3C147.0, radec J2000, 5:42:36.1344h, 49:51:07.2d, (26 31400 3.902 -0.816)
1Jy 0539-057, radec J2000, 5:41:38.172h, -5:41:52.692d, (408 87200 -0.4345 0.1527)
1Jy 0602+67, radec J2000, 6:07:52.6896h, 67:20:55.248d, (408 90000 -0.5551 0.1289)
1Jy 0602-31, radec J2000, 6:04:14.6688h, -31:55:58.404d, (800 5009 1.693 -0.4276)
1Jy 0604-20, radec J2000, 6:06:33.7416h, -20:22:02.352d, (80 10695 3.19 -0.88)
1Jy 0605+48 | *3C153.0, radec J2000, 6:09:32.5512h, 48:04:15.564d, (26 14900 4.14 -1.06 0 0 -4.32 -1)
1Jy 0605-08, radec J2000, 6:07:59.6736h, -8:34:49.476d, (365 22000 0.3708 0.04062)
1Jy 0606-223, radec J2000, 6:08:59.7216h, -22:20:21.876d, (408 10695 3 -0.71 0 0 -17.16 -1)
1Jy 0607-15, radec J2000, 6:09:40.98h, -15:42:39.888d, (365 10695 0.9864 -0.2004)
1Jy 0614-34, radec J2000, 6:16:35.9904h, -34:56:17.196d, (468 5009 2.21 -0.56)
1Jy 0615+82, radec J2000, 6:26:03.096h, 82:02:25.62d, (800 31400 3.6 -0.78 0 0 -28.47 -1)
1Jy 0618-37, radec J2000, 6:20:01.2264h, -37:11:33.648d, (635 5009 2.67 -0.69)
1Jy 0620-52, radec J2000, 6:21:43.7496h, -52:41:33.432d, (408 5009 2.5 -0.65)
1Jy 0625-35, radec J2000, 6:27:06.4344h, -35:29:14.388d, (80 31400 2.73 -0.65)
1Jy 0625-53, radec J2000, 6:26:22.6584h, -53:41:18.276d, (408 8870 3.96 -0.99)
1Jy 0637-75, radec J2000, 6:35:46.3848h, -75:16:13.476d, (408 8870 -2.78 0.81 0 0 22.07 -1)
1Jy 0642-349, radec J2000, 6:44:25.2816h, -34:59:41.964d, (800 5009 -0.4804 0.1322)
1Jy 0646-306, radec J2000, 6:48:14.4864h, -30:44:19.284d, (800 31400 -0.7856 0.2225)
1Jy 0651+54 | *3C171.0, radec J2000, 6:55:14.8704h, 54:08:59.784d, (26 14900 3.73 -0.98 0 0 -1.75 -1)
1Jy 0707+47, radec J2000, 7:10:46.1232h, 47:32:11.112d, (408 90000 -0.0157 0.009276)
1Jy 0710+43, radec J2000, 7:13:38.1384h, 43:49:17.256d, (408 10695 5.79 -1.26 0 0 -35.94 -1)
1Jy 0711+35, radec J2000, 7:14:24.8328h, 35:34:39.684d, (408 31400 5.94 -1.32 0 0 -35.16 -1)
1Jy 0716+71, radec J2000, 7:21:53.4168h, 71:20:36.132d, (408 31400 -0.05641 0.05657)
1Jy 0723+67 | *3C179.0, radec J2000, 7:28:10.3056h, 67:48:46.584d, (178 31400 2.02 -0.52)
1Jy 0734+80 | *3C184.1, radec J2000, 7:43:00.7416h, 80:26:29.58d, (38 10700 3.66 -0.96 0 0 -2.77 -1)
1Jy 0735+17, radec J2000, 7:38:07.3944h, 17:42:18.972d, (318 90000 0.5191 -0.06539)
1Jy 0736+01, radec J2000, 7:39:18.0264h, 1:37:04.476d, (318 90000 1.122 -0.2287)
1Jy 0738+31, radec J2000, 7:41:10.704h, 31:12:00.216d, (318 90000 0.2855 -0.002683)
1Jy 0742+10, radec J2000, 7:45:33.06h, 10:11:12.588d, (365 87200 5.62 -1.15 0 0 -33.28 -1)
1Jy 0743-006, radec J2000, 7:45:54.0696h, -0:44:17.088d, (408 10695 -1.246 0.3731)
1Jy 0743-67, radec J2000, 7:43:32.4024h, -67:26:23.028d, (800 8870 1.993 -0.4625)
1Jy 0745+24, radec J2000, 7:48:36.0816h, 24:00:23.76d, (365 90000 0.09769 -0.04481)
1Jy 0748+126, radec J2000, 7:50:52.0704h, 12:31:03.792d, (408 89600 0.13 0.04)
1Jy 0755+37 | *3C189, radec J2000, 7:58:28.7616h, 37:47:11.94d, (178 31400 2.18 -0.56)
1Jy 0802+24 | *3C192, radec J2000, 8:05:34.7952h, 24:09:55.764d, (26 10695 2.66 -0.64 0 0 1.47 -1)
1Jy 0804+49, radec J2000, 8:08:39.6648h, 49:50:36.672d, (800 90000 -0.4018 0.137)
1Jy 0805-07, radec J2000, 8:08:15.5256h, -7:51:10.044d, (408 10695 1.27 -0.34)
1Jy 0806-10 | *3C195.0, radec J2000, 8:08:53.2368h, -10:27:59.688d, (12 5009 3.22 -0.82)
1Jy 0809+48 | *3C196.0, radec J2000, 8:13:36.0648h, 48:13:02.208d, (26 22000 4.73 -1.09 0 0 -3.59 -1)
1Jy 0812+36, radec J2000, 8:15:25.9032h, 36:35:16.116d, (408 90000 0.28 -0.08)
1Jy 0814+42, radec J2000, 8:18:16.0008h, 42:22:45.3d, (408 90000 0.04685 0.06045)
1Jy 0820+22, radec J2000, 8:23:24.804h, 22:23:02.976d, (318 90000 1.43 -0.33)
1Jy 0823+033, radec J2000, 8:25:50.352h, 3:09:24.732d, (318 31400 -0.433 0.136)
1Jy 0825-20, radec J2000, 8:27:17.3688h, -20:26:24.288d, (80 10695 4.54 -1.17 0 0 -6.04 -1)
1Jy 0828+49, radec J2000, 8:32:23.1912h, 49:13:21.324d, (408 90000 -0.05486 0.03711)
1Jy 0831+55, radec J2000, 8:34:54.9096h, 55:34:21.072d, (26 31400 2.051 -0.365)
1Jy 0833+58, radec J2000, 8:37:22.4472h, 58:25:02.208d, (408 90000 -1.116 0.29)
1Jy 0834-19, radec J2000, 8:37:10.9704h, -19:51:53.172d, (408 10695 5.18 -1.29 0 0 -10.17 -1)
1Jy 0834-20, radec J2000, 8:36:39.2064h, -20:16:59.268d, (408 22000 0.9495 -0.1248)
1Jy 0836+71, radec J2000, 8:41:24.36h, 70:53:41.856d, (408 31400 1.552 -0.313)
1Jy 0838+13 | *3C207, radec J2000, 8:40:47.7h, 13:12:23.904d, (26 31400 1.83 -0.48 0 0 2.96 -1)
1Jy 0839+18, radec J2000, 8:42:05.0856h, 18:35:40.848d, (408 31400 2.14 -0.47 0 0 -13.49 -1)
1Jy 0842-75, radec J2000, 8:41:26.616h, -75:40:26.76d, (408 8870 2.67 -0.68)
1Jy 0850+58, radec J2000, 8:54:42.252h, 57:57:29.268d, (408 31400 0.4718 -0.1079)
1Jy 0851+20, radec J2000, 8:54:48.8712h, 20:06:30.528d, (318 90000 -1.127 0.4369)
1Jy 0858-279, radec J2000, 9:00:39.4272h, -28:08:20.472d, (800 10695 2.479 -0.6325)
1Jy 0859+47, radec J2000, 9:03:03.9384h, 46:51:05.256d, (408 31400 0.88 -0.17)
1Jy 0859-14, radec J2000, 9:02:16.8288h, -14:15:30.924d, (365 10695 0.32 0.21 0 0 -0.02 1)
1Jy 0859-25, radec J2000, 9:01:47.3448h, -25:55:17.4d, (80 10695 3.55 -0.89)
1Jy 0906+43 | *3C216.0, radec J2000, 9:09:33.492h, 42:53:46.788d, (26 90000 2.567 -0.6259)
1Jy 0906+01, radec J2000, 9:09:10.0944h, 1:21:35.496d, (318 90000 0.1315 -0.03188)
1Jy 0915-11 | *3C218.0, radec J2000, 9:18:06.3672h, -12:05:28.104d, (12 31400 4.618 -0.9445)
1Jy 0917+62, radec J2000, 9:21:36.228h, 62:15:52.128d, (408 90000 -0.07506 0.03565)
1Jy 0917+45 | *3C219.0, radec J2000, 9:21:08.6184h, 45:38:57.408d, (26 10695 4.21 -1.02 0 0 -2.07 -1)
1Jy 0919-260, radec J2000, 9:21:29.3544h, -26:18:43.236d, (408 31400 -0.2912 0.1408)
1Jy 0923+39, radec J2000, 9:27:03.0144h, 39:02:20.796d, (26 90000 -1.061 0.5127)
1Jy 0936+36 | *3C223.0, radec J2000, 9:39:50.0064h, 35:56:10.896d, (26 10695 2.95 -0.77)
1Jy 0939+14 | *3C225, radec J2000, 9:42:11.9976h, 13:48:51.984d, (20 10695 4.39 -1.14 0 0 -3.65 -1)
1Jy 0941-08, radec J2000, 9:43:36.8256h, -8:19:31.116d, (365 10695 5.33 -1.32 0 0 -16.94 -1)
1Jy 0945+66, radec J2000, 9:49:11.0232h, 66:14:56.544d, (408 31400 1.79 -0.46)
1Jy 0945+40, radec J2000, 9:48:55.3392h, 40:39:44.604d, (26 31400 -0.2 0.04 0 0 7.93 -1)
1Jy 0945+07 | *3C227.0, radec J2000, 9:47:47.1096h, 7:25:22.188d, (12 31400 3.36 -0.79)
1Jy 0947+14 | *3C228, radec J2000, 9:50:10.6704h, 14:19:59.376d, (17 31400 3.14 -0.83)
1Jy 0951+69 | *3C231.0, radec J2000, 9:55:51.6648h, 69:40:45.66d, (178 14900 2.872 -0.6243)
1Jy 0953+25, radec J2000, 9:56:49.8744h, 25:15:15.84d, (318 90000 -1.255 0.3861)
1Jy 0954+65, radec J2000, 9:58:47.2608h, 65:33:54.684d, (408 31400 -0.1844 0.04076)
1Jy 0954+55, radec J2000, 9:57:38.172h, 55:22:57.864d, (178 31400 1.599 -0.344)
1Jy 0958+29 | *3C234, radec J2000, 10:01:49.236h, 28:47:07.836d, (26 31400 3.68 -0.93)
1Jy 1003+35 | *3C236.0, radec J2000, 10:06:01.7352h, 34:54:10.404d, (26 31400 2.32 -0.59 0 0 1.61 -1)
1Jy 1005+07 | *3C237.0, radec J2000, 10:08:00.012h, 7:30:16.452d, (16 31400 4.88 -1.19 0 0 -7.22 -1)
1Jy 1015-31, radec J2000, 10:18:09.3504h, -31:44:15.108d, (160 31400 2.96 -0.76)
1Jy 1017-42, radec J2000, 10:20:03.6408h, -42:51:28.548d, (80 5009 3.23 -0.84)
1Jy 1030+58 | *3C244.1, radec J2000, 10:33:33.696h, 58:14:42.792d, (26 31400 4.09 -1.08 0 0 -2.48 -1)
1Jy 1030+41, radec J2000, 10:33:03.6936h, 41:16:06.492d, (408 90000 0.003033 -0.01592)
1Jy 1031+56, radec J2000, 10:35:07.0536h, 56:28:46.596d, (408 15000 1.15 -0.28)
1Jy 1032-199, radec J2000, 10:35:02.1168h, -20:11:31.632d, (365 10695 0.54 -0.14)
1Jy 1034-293, radec J2000, 10:37:16.1088h, -29:34:03.864d, (800 89600 -0.45 0.17)
1Jy 1039+81, radec J2000, 10:44:23.1216h, 80:54:39.312d, (800 31400 0.2389 -0.07563)
1Jy 1039+02, radec J2000, 10:41:39.0576h, 2:42:32.4d, (16 10700 2.71 -0.74)
1Jy 1040+12 | *3C245.0, radec J2000, 10:42:44.5992h, 12:03:31.284d, (15 31400 2.13 -0.54 0 0 2.19 -1)
1Jy 1045-18, radec J2000, 10:48:06.72h, -19:09:36.756d, (408 89600 -2.97 0.59 0 0 28.09 -1)
1Jy 1046-409, radec J2000, 10:48:40.4232h, -41:13:46.776d, (800 31400 1.553 -0.4117)
1Jy 1049+21, radec J2000, 10:51:48.7872h, 21:19:51.06d, (318 90000 0.7338 -0.1963)
1Jy 1055+20, radec J2000, 10:58:17.4768h, 19:52:11.064d, (26 31400 1.824 -0.4571)
1Jy 1055+01, radec J2000, 10:58:29.5968h, 1:33:58.86d, (318 90000 0.8876 -0.1077)
1Jy 1057-79, radec J2000, 10:58:43.92h, -80:03:45.432d, (800 8870 -1.19 0.36)
1Jy 1104-445, radec J2000, 11:07:08.688h, -44:49:07.464d, (800 8870 -0.2908 0.1644)
1Jy 1116+12, radec J2000, 11:18:57.3h, 12:34:41.592d, (365 31400 2.44 -0.59 0 0 -4.39 -1)
1Jy 1116-46, radec J2000, 11:18:26.8176h, -46:34:14.484d, (635 8870 -3.19 0.7 0 0 32 -1)
1Jy 1117+14, radec J2000, 11:20:27.7104h, 14:20:56.22d, (318 10695 4.05 -1.02 0 0 -11.32 -1)
1Jy 1127-14, radec J2000, 11:30:07.0608h, -14:49:27.876d, (365 90000 1.269 -0.151)
1Jy 1136-13, radec J2000, 11:39:10.644h, -13:50:44.844d, (12 31400 2.887 -0.6974)
1Jy 1137+66 | *3C263.0, radec J2000, 11:39:57.9648h, 65:47:47.148d, (38 31400 3.39 -0.9 0 0 -1.43 -1)
1Jy 1142+19 | *3C264, radec J2000, 11:45:04.9992h, 19:36:35.496d, (13 10695 3.38 -0.83)
1Jy 1143-48, radec J2000, 11:45:30.8208h, -48:36:12.24d, (408 5009 2.47 -0.64)
1Jy 1143-245, radec J2000, 11:46:08.1408h, -24:47:33.576d, (800 31400 2.2 -0.6)
1Jy 1144-379, radec J2000, 11:47:01.3752h, -38:12:11.016d, (800 31400 -1.723 0.5108)
1Jy 1145-071, radec J2000, 11:47:51.564h, -7:24:40.752d, (800 31400 0.46 -0.13)
1Jy 1147+24, radec J2000, 11:50:19.2168h, 24:17:53.664d, (318 90000 -0.27 0.05)
1Jy 1148-00, radec J2000, 11:50:43.8696h, -0:23:54.384d, (318 90000 3.09 -0.68 0 0 -10.33 -1)
1Jy 1150+81, radec J2000, 11:53:12.492h, 80:58:28.92d, (408 31400 -0.73 0.15 0 0 9.44 -1)
1Jy 1150+49, radec J2000, 11:53:24.54h, 49:31:08.904d, (365 31400 1.256 -0.3027)
1Jy 1151-34, radec J2000, 11:54:21.696h, -35:05:29.472d, (468 31400 4.31 -0.98 0 0 -10.01 -1)
1Jy 1157+73 | *3C268.1, radec J2000, 12:00:20.16h, 73:00:45.576d, (38 31400 2.54 -0.48 0 0 -0.01 1)
1Jy 1202-26, radec J2000, 12:05:02.9496h, -26:34:09.732d, (365 31400 -1.6 0.33 0 0 18.08 -1)
1Jy 1203+64 | *3C268.3, radec J2000, 12:06:24.6984h, 64:13:36.804d, (178 31400 5 -1.27 0 0 -10.12 -1)
1Jy 1213+35, radec J2000, 12:15:55.7184h, 34:48:15.732d, (318 31400 1.3 -0.35)
1Jy 1213-17, radec J2000, 12:15:46.6896h, -17:31:45.012d, (365 89600 -1.62 0.4 0 0 13.69 -1)
1Jy 1216+48, radec J2000, 12:19:06.4224h, 48:29:55.968d, (408 31400 -0.17 0.05)
1Jy 1216+06 | *3C270.0, radec J2000, 12:19:24.0048h, 5:49:20.928d, (12 31400 2.98 -0.53)
1Jy 1221-42, radec J2000, 12:23:43.8024h, -42:35:25.692d, (468 5009 2.41 -0.64)
1Jy 1222+13 | *3C272.1, radec J2000, 12:25:03.6648h, 12:53:09.24d, (38 31400 2.73 -0.61)
1Jy 1226+02 | *3C273.0, radec J2000, 12:29:06.6984h, 2:03:08.46d, (12 90000 1.772 -0.03655)
1Jy 1228+12 | *3C274.0, radec J2000, 12:30:49.4184h, 12:23:27.888d, (10 90000 4.93 -0.83)
1Jy 1229-02, radec J2000, 12:32:00.0216h, -2:24:05.148d, (12 31400 1.39 -0.4 0 0 3.98 -1)
1Jy 1237-10, radec J2000, 12:39:43.0656h, -10:23:28.824d, (327 31400 2.99 -0.71 0 0 -11.3 -1)
1Jy 1239-04 | *3C275.0, radec J2000, 12:42:19.5048h, -4:46:18.732d, (80 14900 3.623 -0.9835)
1Jy 1243-072, radec J2000, 12:46:04.188h, -7:30:47.088d, (800 10695 -0.7 0.2)
1Jy 1244-255, radec J2000, 12:46:46.8432h, -25:47:51.036d, (408 31400 2.21 -0.83 0 0 0.02 1)
1Jy 1245-19, radec J2000, 12:48:23.9016h, -19:59:18.888d, (365 31400 4.31 -0.98 0 0 -11.13 -1)
1Jy 1246-41, radec J2000, 12:48:49.0416h, -41:18:42.48d, (80 31400 3.3 -0.86)
1Jy 1250+56 | *3C277.1, radec J2000, 12:52:26.3448h, 56:34:19.596d, (178 14900 3.69 -0.99 0 0 -4.48 -1)
1Jy 1251+27 | *3C277.3, radec J2000, 12:54:11.7216h, 27:37:32.088d, (26 14900 2.63 -0.69)
1Jy 1251-12 | *3C278.0, radec J2000, 12:54:36.6528h, -12:33:28.332d, (14 31400 3.45 -0.81)
1Jy 1252+11, radec J2000, 12:54:38.244h, 11:41:05.424d, (365 31400 -0.08 0.04)
1Jy 1253-05 | *3C279.0, radec J2000, 12:56:11.1696h, -5:47:21.66d, (14 90000 0.9155 0.05333)
1Jy 1254+47 | *3C280.0, radec J2000, 12:56:57.5616h, 47:20:20.292d, (26 31400 3.91 -0.99 0 0 -2.47 -1)
1Jy 1255-316, radec J2000, 12:57:59.0664h, -31:55:17.076d, (800 31400 6 -1.28 0 0 -44.85 -1)
1Jy 1302-102, radec J2000, 13:05:33.1824h, -10:33:24.48d, (800 31400 -0.5172 0.1395)
1Jy 1306-09, radec J2000, 13:08:39.1728h, -9:50:31.74d, (20 87200 2.96 -0.73)
1Jy 1308+32, radec J2000, 13:10:28.6872h, 32:20:42.936d, (318 90000 -0.4758 0.1988)
1Jy 1308-22 | *3C283.0, radec J2000, 13:11:39.444h, -22:16:37.956d, (80 31400 5.86 -1.52 0 0 -7.58 -1)
1Jy 1313-333, radec J2000, 13:16:07.9896h, -33:38:59.316d, (800 31400 5.11 -0.99 0 0 -52.33 -1)
1Jy 1318-434, radec J2000, 13:21:12.3456h, -43:42:39.42d, (800 31400 2.57 -0.61)
1Jy 1320-446, radec J2000, 13:23:04.248h, -44:52:33.636d, (800 5009 3.366 -0.907)
1Jy 1322-42, radec J2000, 13:25:32.0616h, -43:03:59.796d, (80 31400 5.44 -0.92 0 0 -3.52 -1)
1Jy 1323+32, radec J2000, 13:26:16.5528h, 31:54:10.08d, (318 10695 3.76 -0.86 0 0 -8.37 -1)
1Jy 1328+30 | *3C286, radec J2000, 13:31:08.2824h, 30:30:32.904d, (26 22000 2.871 -0.5448)
1Jy 1328+25 | *3C287, radec J2000, 13:30:37.6776h, 25:09:10.872d, (26 15000 3.11 -0.69 0 0 -2.04 -1)
1Jy 1330+02 | *3C287.1, radec J2000, 13:32:56.292h, 2:00:49.176d, (12 31400 1.93 -0.49 0 0 1.9 -1)
1Jy 1332-33, radec J2000, 13:35:49.6464h, -33:53:12.588d, (408 5009 3.56 -0.87)
1Jy 1333-33, radec J2000, 13:36:37.3416h, -33:58:01.2d, (160 31400 2.62 -0.62)
1Jy 1334-33, radec J2000, 13:37:39.1584h, -34:09:27.396d, (800 5009 -0.169 0.18)
1Jy 1335-06, radec J2000, 13:38:08.0112h, -6:27:09.648d, (12 10695 4.06 -1.08 0 0 -2.61 -1)
1Jy 1345+12, radec J2000, 13:47:33.3744h, 12:17:23.784d, (365 31400 3.28 -0.73 0 0 -6.31 -1)
1Jy 1350+31 | *3C293, radec J2000, 13:52:17.8632h, 31:26:46.68d, (26 14900 3.33 -0.81 0 0 -2.36 -1)
1Jy 1352-104, radec J2000, 13:54:46.6056h, -10:41:03.3d, (408 10695 1.068 -0.3164)
1Jy 1354+19, radec J2000, 13:57:04.3848h, 19:19:07.788d, (17 89600 1.106 -0.2406)
1Jy 1354-152, radec J2000, 13:57:11.2392h, -15:27:28.62d, (408 31400 -0.1203 0.08342)
1Jy 1355-41, radec J2000, 13:58:59.856h, -41:52:50.34d, (80 31400 3.13 -0.8)
1Jy 1358+62, radec J2000, 14:00:28.5888h, 62:10:40.116d, (408 10695 4.34 -1.03 0 0 -11.69 -1)
1Jy 1404+28, radec J2000, 14:07:00.3912h, 28:27:14.544d, (430 90000 -2.4 0.7345)
1Jy 1406-076, radec J2000, 14:08:56.5584h, -7:52:28.668d, (408 10695 2.39 -0.55 0 0 -15.16 -1)
1Jy 1409+52 | *3C295.0, radec J2000, 14:11:20.6472h, 52:12:09.036d, (26 31400 4.224 -0.9238)
1Jy 1413+34, radec J2000, 14:16:04.2024h, 34:44:36.384d, (365 10695 5.65 -1.33 0 0 -26.21 -1)
1Jy 1414+11 | *3C296.0, radec J2000, 14:16:50.6712h, 10:48:01.476d, (13 5009 2.68 -0.65)
1Jy 1416+06 | *3C298.0, radec J2000, 14:19:08.2392h, 6:28:34.5d, (12 14900 4.133 -1.06)
1Jy 1418+54, radec J2000, 14:19:46.5984h, 54:23:14.424d, (408 90000 -1.56 0.37 0 0 7.73 -1)
1Jy 1420+19 | *3C300, radec J2000, 14:23:00.9192h, 19:35:18.6d, (13 14900 3.76 -0.99 0 0 -1.51 -1)
1Jy 1424-41, radec J2000, 14:27:56.1552h, -42:06:16.92d, (800 31400 1.439 -0.2936)
1Jy 1434+03, radec J2000, 14:36:57.1128h, 3:24:13.716d, (38 22000 2.65 -0.7)
1Jy 1435+63, radec J2000, 14:36:45.7752h, 63:36:37.8d, (408 31400 1.1 -0.29)
1Jy 1442+101, radec J2000, 14:45:16.4544h, 9:58:35.724d, (365 22000 4.65 -1.12 0 0 -18.17 -1)
1Jy 1451-375, radec J2000, 14:54:27.408h, -37:47:33.144d, (800 31400 0.84 -0.1787)
1Jy 1453-10, radec J2000, 14:55:55.0968h, -11:08:56.328d, (14 10695 3.88 -1 0 0 -2.36 -1)
1Jy 1458+71 | *3C309.1, radec J2000, 14:59:07.596h, 71:40:19.704d, (38 31400 3.47 -0.78 0 0 -2.87 -1)
1Jy 1502+26 | *3C310, radec J2000, 15:04:57.108h, 26:00:58.32d, (26 10695 3.49 -0.66 0 0 -0.02 1)
1Jy 1502+10, radec J2000, 15:04:24.9744h, 10:29:39.084d, (365 90000 -0.3051 0.1743)
1Jy 1504+37, radec J2000, 15:06:09.5232h, 37:30:50.904d, (408 90000 0.3909 -0.09501)
1Jy 1504-167, radec J2000, 15:07:04.848h, -16:52:29.064d, (365 31400 0.9047 -0.1493)
1Jy 1508+08 | *3C313.0, radec J2000, 15:11:00.1944h, 7:51:40.248d, (16 5009 3.33 -0.87)
1Jy 1508-05, radec J2000, 15:10:53.556h, -5:43:07.5d, (178 31400 2.67 -0.61 0 0 -2.8 -1)
1Jy 1510-08, radec J2000, 15:12:50.5488h, -9:06:00.288d, (365 90000 0.7961 -0.1011)
1Jy 1511+26 | *3C315, radec J2000, 15:13:40.0752h, 26:07:31.224d, (26 10695 3.28 -0.85)
1Jy 1514+00, radec J2000, 15:16:40.1712h, 0:15:10.476d, (14 31400 1.85 -0.453)
1Jy 1514-24, radec J2000, 15:17:41.784h, -24:22:19.272d, (408 90000 0.7374 -0.1125)
1Jy 1518+047, radec J2000, 15:21:14.3904h, 4:30:21.276d, (408 10695 11.15 -2.68 0 0 -48.51 -1)
1Jy 1519-273, radec J2000, 15:22:37.6632h, -27:30:10.152d, (800 31400 9.28 -1.9 0 0 -76.32 -1)
1Jy 1524-13, radec J2000, 15:26:59.4552h, -13:51:01.404d, (750 22000 2.79 -0.74)
1Jy 1529+24 | *3C321, radec J2000, 15:31:50.76h, 24:02:43.548d, (26 31400 3.45 -0.91 0 0 -0.94 -1)
1Jy 1532+01, radec J2000, 15:34:52.4568h, 1:31:03.684d, (318 90000 0.6183 -0.1712)
1Jy 1538+14, radec J2000, 15:40:49.4328h, 14:47:46.104d, (318 90000 0.6085 -0.1042)
1Jy 1541-82, radec J2000, 15:51:02.2896h, -82:57:57.384d, (800 5009 -0.5684 0.1989)
1Jy 1546+027, radec J2000, 15:49:29.4192h, 2:37:01.308d, (408 90000 -0.3926 0.1347)
1Jy 1547-79, radec J2000, 15:55:21.4056h, -79:40:35.616d, (800 5009 2.567 -0.651)
1Jy 1548+056, radec J2000, 15:50:35.232h, 5:27:11.556d, (408 31400 0.8038 -0.129)
1Jy 1549-79, radec J2000, 15:56:58.5672h, -79:14:09.924d, (468 8870 1.36 -0.27 0 0 6.8 -1)
1Jy 1550-269, radec J2000, 15:54:02.5896h, -27:04:45.768d, (800 31400 1.04 -0.26)
1Jy 1555+001, radec J2000, 15:57:51.4272h, -0:01:50.52d, (408 90000 -0.1485 0.1029)
1Jy 1559+02 | *3C327.0, radec J2000, 16:02:30.2136h, 1:57:59.616d, (38 22000 3.43 -0.7889)
1Jy 1600+33, radec J2000, 16:02:07.3344h, 33:26:53.52d, (318 90000 1.089 -0.222)
1Jy 1602+01 | *3C327.1, radec J2000, 16:04:45.3456h, 1:17:51.072d, (38 14900 4.62 -1.2 0 0 -4.45 -1)
1Jy 1602-09, radec J2000, 16:05:26.4408h, -9:27:14.616d, (38 5009 3.05 -0.79)
1Jy 1606+10, radec J2000, 16:08:46.0992h, 10:29:08.196d, (318 31400 0.8892 -0.221)
1Jy 1607+26, radec J2000, 16:09:13.3104h, 26:41:29.004d, (318 15300 9.54 -2.23 0 0 -43.24 -1)
1Jy 1609+66 | *3C330.0, radec J2000, 16:09:37.2864h, 65:56:45.888d, (38 14900 4.2 -1.02 0 0 -3.75 -1)
1Jy 1610-77, radec J2000, 16:17:49.4952h, -77:17:18.384d, (800 8870 1.06 -0.13)
1Jy 1611+34, radec J2000, 16:13:41.04h, 34:12:47.808d, (365 90000 0.9928 -0.176)
1Jy 1619-680, radec J2000, 16:24:18.9504h, -68:09:09.72d, (800 5009 0.03985 0.06207)
1Jy 1622-29, radec J2000, 16:26:06.0264h, -29:51:26.82d, (800 31400 0.4651 -0.0586)
1Jy 1622-253, radec J2000, 16:25:45.0792h, -25:27:30.816d, (408 31400 2.1 -0.74 0 0 0.02 1)
1Jy 1624+41, radec J2000, 16:25:57.6168h, 41:34:40.332d, (365 87200 1.22 -0.3)
1Jy 1633+38, radec J2000, 16:35:15.4752h, 38:08:04.38d, (365 90000 -0.002026 0.1133)
1Jy 1634+62 | *3C343.0, radec J2000, 16:34:33.78h, 62:45:35.82d, (178 14900 5.62 -1.39 0 0 -12.87 -1)
1Jy 1637+62 | *3C343.1, radec J2000, 16:38:28.1712h, 62:34:44.184d, (178 14900 5.92 -1.48 0 0 -13.54 -1)
1Jy 1637+57, radec J2000, 16:38:13.4424h, 57:20:23.964d, (408 90000 -0.6104 0.1968)
1Jy 1637-77, radec J2000, 16:44:20.0616h, -77:15:41.904d, (468 5009 2.96 -0.68)
1Jy 1638+39, radec J2000, 16:40:29.6208h, 39:46:45.984d, (365 31400 -0.2505 0.07452)
1Jy 1638+12, radec J2000, 16:40:47.9232h, 12:20:01.968d, (318 31400 3.49 -0.88 0 0 -9.32 -1)
1Jy 1641+39 | *3C345.0, radec J2000, 16:42:58.8024h, 39:48:36.936d, (26 90000 0.7338 0.05422)
1Jy 1641+17 | *3C346, radec J2000, 16:43:48.6792h, 17:15:48.996d, (20 31400 2.72 -0.68)
1Jy 1642+69, radec J2000, 16:42:07.788h, 68:56:39.696d, (408 90000 -0.3482 0.1651)
1Jy 1648+015, radec J2000, 16:51:03.6816h, 1:29:05.784d, (408 22000 1.36 -0.4)
1Jy 1648+05 | *3C348.0, radec J2000, 16:51:08.6688h, 4:59:30.3d, (12 31400 4.57 -0.84 0 0 -0.01 1)
1Jy 1652+39, radec J2000, 16:53:52.2264h, 39:45:36.036d, (365 90000 0.61 -0.13)
1Jy 1655+077, radec J2000, 16:58:09.0336h, 7:41:26.844d, (365 31400 -0.84 0.23 0 0 7.96 -1)
1Jy 1655-77, radec J2000, 17:02:42.024h, -77:41:57.228d, (468 5009 2.51 -0.68)
1Jy 1656+053, radec J2000, 16:58:33.4416h, 5:15:16.56d, (365 31400 -0.04481 0.1139)
1Jy 1658+47 | *3C349.0, radec J2000, 16:59:29.5392h, 47:02:44.124d, (38 14900 2.99 -0.79)
1Jy 1704+60 | *3C351.0, radec J2000, 17:04:42.3216h, 60:44:49.632d, (38 31400 2.98 -0.78)
1Jy 1717-00 | *3C353.0, radec J2000, 17:20:30.4776h, -0:58:51.384d, (10 31400 3.955 -0.7006)
1Jy 1718-649, radec J2000, 17:23:41.0664h, -65:00:34.848d, (800 5009 0.8723 -0.07875)
1Jy 1721-02, radec J2000, 17:24:36.648h, -2:41:02.58d, (178 5009 1.85 -0.48)
1Jy 1725+044, radec J2000, 17:28:24.9312h, 4:27:04.896d, (408 10695 -2.8 1.14 0 0 -0.04 1)
1Jy 1726+31 | *3C357, radec J2000, 17:28:18.4704h, 31:46:14.376d, (26 14900 3.51 -0.93 0 0 -3.4 -1)
1Jy 1732+38, radec J2000, 17:34:20.568h, 38:57:51.408d, (408 31400 -0.3091 0.07769)
1Jy 1733-56, radec J2000, 17:37:37.2528h, -56:33:43.992d, (635 5009 1.42 -0.32 0 0 11.39 -1)
1Jy 1737-60, radec J2000, 17:42:01.848h, -60:55:23.592d, (800 5009 2.568 -0.6801)
1Jy 1739+52, radec J2000, 17:40:36.9576h, 52:11:43.368d, (408 90000 0.008092 0.02402)
1Jy 1740-517, radec J2000, 17:44:27.1536h, -51:44:36.636d, (800 5009 2.963 -0.6702)
1Jy 1741-03, radec J2000, 17:43:58.8552h, -3:50:04.74d, (365 31400 -0.3793 0.2023)
1Jy 1749+70, radec J2000, 17:48:32.8008h, 70:05:50.64d, (408 31400 0.338 -0.05355)
1Jy 1749+09, radec J2000, 17:51:32.8128h, 9:39:00.612d, (318 90000 -0.6662 0.2067)
1Jy 1751+44, radec J2000, 17:53:22.6416h, 44:09:45.684d, (408 31400 -0.6327 0.1556)
1Jy 1800+44, radec J2000, 18:01:32.3136h, 44:04:21.144d, (408 31400 0.2714 -0.09048)
1Jy 1803+78, radec J2000, 18:00:45.624h, 78:28:03.936d, (408 31400 -0.1352 0.1385)
1Jy 1807+69 | *3C371.0, radec J2000, 18:06:50.6496h, 69:49:28.02d, (178 90000 0.8826 -0.1552)
1Jy 1814-63, radec J2000, 18:19:35.1912h, -63:45:45.864d, (635 8870 3.92 -0.89)
1Jy 1815-554, radec J2000, 18:19:48.8448h, -55:21:18.576d, (800 5009 0.2184 -0.0238)
1Jy 1823+56, radec J2000, 18:24:07.0896h, 56:51:01.44d, (408 90000 0.2684 -0.02077)
1Jy 1828+48 | *3C380.0, radec J2000, 18:29:31.8048h, 48:44:46.5d, (26 31400 3.165 -0.6294)
1Jy 1829+29, radec J2000, 18:31:15.0288h, 29:07:11.46d, (318 15300 4.53 -1.13 0 0 -11.34 -1)
1Jy 1829-718, radec J2000, 18:35:38.004h, -71:49:52.608d, (800 5009 3.826 -1.032)
1Jy 1830+28, radec J2000, 18:32:50.1648h, 28:33:41.508d, (178 31400 0.09 -0.08 0 0 8.81 -1)
1Jy 1831-711, radec J2000, 18:37:31.1976h, -71:08:43.152d, (800 5009 0.6962 -0.1678)
1Jy 1832+47 | *3C381.0, radec J2000, 18:33:46.1472h, 47:27:20.736d, (26 14900 2.98 -0.77)
1Jy 1839-48, radec J2000, 18:43:15.4512h, -48:36:43.128d, (80 5009 2.82 -0.73)
1Jy 1842+45 | *3C388.0, radec J2000, 18:44:02.3856h, 45:33:29.736d, (26 14900 4.05 -1 0 0 -3.19 -1)
1Jy 1845+79 | *3C390.3, radec J2000, 18:42:17.064h, 79:45:56.376d, (38 31400 3.8 -0.8695)
1Jy 1903-80, radec J2000, 19:12:41.2944h, -80:09:53.568d, (800 8870 -0.25 0.13)
1Jy 1928+73, radec J2000, 19:27:48.4536h, 73:58:01.38d, (800 31400 -0.75 0.5 0 0 -0.01 1)
1Jy 1929-397, radec J2000, 19:33:24.636h, -39:40:35.508d, (800 31400 2.571 -0.6925)
1Jy 1932-46, radec J2000, 19:35:57.0336h, -46:20:43.656d, (80 8870 4.25 -1)
1Jy 1933-400, radec J2000, 19:37:16.2048h, -39:58:01.128d, (800 31400 0.19 -0.04)
1Jy 1934-63, radec J2000, 19:39:25.0752h, -63:42:42.552d, (468 8870 13.53 -3 0 0 -67.11 -1)
1Jy 1936-15, radec J2000, 19:39:26.4048h, -15:25:34.032d, (408 31400 3.93 -0.8 0 0 -33.11 -1)
1Jy 1936-623, radec J2000, 19:41:25.3872h, -62:11:20.58d, (800 8870 1.572 -0.4296)
1Jy 1938-15, radec J2000, 19:41:15.156h, -15:24:32.256d, (80 31400 5.62 -1.35 0 0 -11.82 -1)
1Jy 1939+60 | *3C401.0, radec J2000, 19:40:25.0272h, 60:41:36.636d, (178 14900 4.86 -1.22 0 0 -7.41 -1)
1Jy 1949+02 | *3C403.0, radec J2000, 19:52:15.3888h, 2:30:28.188d, (38 22000 3.018 -0.7165)
1Jy 1954+51, radec J2000, 19:55:42.6936h, 51:31:48.792d, (408 31400 1.359 -0.339)
1Jy 1954-55, radec J2000, 19:58:17.2056h, -55:09:33.84d, (468 5009 3.41 -0.82)
1Jy 1954-388, radec J2000, 19:57:59.7792h, -38:45:05.364d, (800 31400 0.13 0.03)
1Jy 1958-179, radec J2000, 20:00:57.108h, -17:48:57.06d, (327 10695 -0.3796 0.1096)
1Jy 2000-330, radec J2000, 20:03:24.0456h, -32:51:45.252d, (800 31400 -2.809 0.7754)
1Jy 2005-489, radec J2000, 20:09:26.2296h, -48:49:55.2d, (800 5009 -0.8006 0.2407)
1Jy 2007+77, radec J2000, 20:05:30.9504h, 77:52:43.176d, (408 31400 -0.2508 0.06706)
1Jy 2008-068, radec J2000, 20:11:14.2224h, -6:44:03.696d, (408 10695 7.52 -1.77 0 0 -35.74 -1)
1Jy 2008-159, radec J2000, 20:11:15.6912h, -15:46:39.576d, (408 31400 -0.4048 0.123)
1Jy 2020-57, radec J2000, 20:24:20.8152h, -57:23:35.484d, (408 5009 2.76 -0.74)
1Jy 2021+61, radec J2000, 20:22:06.6432h, 61:36:58.824d, (408 31400 -0.43 0.31 0 0 -0.01 1)
1Jy 2029+121, radec J2000, 20:31:54.9672h, 12:19:41.268d, (408 10695 1.56 -0.37 0 0 -8.05 -1)
1Jy 2032-35, radec J2000, 20:35:47.5584h, -34:54:04.86d, (80 31400 3.19 -0.78)
1Jy 2037-253, radec J2000, 20:40:08.7144h, -25:07:44.472d, (408 10695 0.72 -0.23)
1Jy 2044-02 | *3C422.0, radec J2000, 20:47:10.2504h, -2:36:24.264d, (178 22000 2.4 -0.65)
1Jy 2052-47, radec J2000, 20:56:16.7736h, -47:14:57.156d, (800 8870 1.72 -0.37)
1Jy 2053-20, radec J2000, 20:56:04.2408h, -19:56:33.972d, (327 10695 4.97 -1.29 0 0 -10.79 -1)
1Jy 2058-28, radec J2000, 21:01:38.1264h, -28:01:59.736d, (80 5009 3.4 -0.84)
1Jy 2104+76 | *3C427.1, radec J2000, 21:04:07.5096h, 76:33:06.768d, (38 14900 4.93 -1.3 0 0 -5.71 -1)
1Jy 2104-25, radec J2000, 21:07:20.6808h, -25:26:59.244d, (80 31400 5.18 -1.2 0 0 -7.14 -1)
1Jy 2106-413, radec J2000, 21:09:33.1824h, -41:10:18.408d, (800 31400 2.43 -0.42 0 0 -22.46 -1)
1Jy 2113+29, radec J2000, 21:15:29.4288h, 29:33:36.792d, (318 31400 -1.17 0.41 0 0 -0.01 1)
1Jy 2121+24 | *3C433, radec J2000, 21:23:44.532h, 25:04:10.056d, (26 31400 4.35 -1 0 0 -2.44 -1)
1Jy 2126-15, radec J2000, 21:29:12.2952h, -15:38:44.484d, (800 31400 3.79 -1.22 0 0 0.02 1)
1Jy 2128+04, radec J2000, 21:30:32.8968h, 5:02:17.484d, (318 31400 1.659 -0.3572)
1Jy 2128-12, radec J2000, 21:31:35.3016h, -12:07:07.86d, (408 31400 -0.1777 0.1412)
1Jy 2131-021, radec J2000, 21:34:10.5144h, -1:53:18.024d, (365 31400 0.1944 0.03468)
1Jy 2134+00, radec J2000, 21:36:38.5632h, 0:41:54.528d, (318 31400 -1.771 0.735)
1Jy 2135-14, radec J2000, 21:37:44.628h, -14:32:55.104d, (80 31400 3.23 -0.84)
1Jy 2135-209, radec J2000, 21:37:50.1744h, -20:42:27.936d, (408 31400 4.79 -1.19 0 0 -9.95 -1)
1Jy 2136+14, radec J2000, 21:39:01.3008h, 14:23:36.06d, (318 31400 -0.26 0.09)
1Jy 2140-81, radec J2000, 21:47:24.0888h, -81:26:09.744d, (800 5009 2.701 -0.7299)
1Jy 2142-75, radec J2000, 21:47:14.9256h, -75:36:20.016d, (800 8870 1.294 -0.3266)
1Jy 2144+09, radec J2000, 21:47:10.2024h, 9:29:46.608d, (318 89600 -1 0.23 0 0 4.73 -1)
1Jy 2145+06, radec J2000, 21:48:05.4648h, 6:57:38.7d, (318 31400 0.2216 0.08914)
1Jy 2149+05, radec J2000, 21:51:37.8888h, 5:52:13.08d, (318 31400 1.47 -0.3 0 0 -14.51 -1)
1Jy 2149-28, radec J2000, 21:52:03.8328h, -28:28:29.604d, (800 31400 3.72 -0.99)
1Jy 2149-306, radec J2000, 21:51:55.5264h, -30:27:53.352d, (800 31400 0.37 -0.09)
1Jy 2150+17, radec J2000, 21:52:24.7704h, 17:34:37.704d, (15 87200 -0.02497 -0.005362)
1Jy 2150-52, radec J2000, 21:54:07.056h, -51:50:12.66d, (408 5009 2.87 -0.75)
1Jy 2153+37 | *3C438.0, radec J2000, 21:55:52.2888h, 38:00:30.204d, (26 31400 5.19 -1.32 0 0 -4.07 -1)
1Jy 2153-69, radec J2000, 21:57:09.6048h, -69:41:28.68d, (468 5009 3.99 -0.79)
1Jy 2155-152, radec J2000, 21:58:06.396h, -15:01:07.212d, (408 90000 0.3939 -0.04197)
1Jy 2200+42, radec J2000, 22:02:43.2792h, 42:16:40.116d, (408 90000 -0.03227 0.2004)
1Jy 2201+31, radec J2000, 22:03:14.9568h, 31:45:38.412d, (318 90000 0.4372 -0.02282)
1Jy 2203-18, radec J2000, 22:06:10.392h, -18:35:38.184d, (80 31400 1.982 -0.3691)
1Jy 2204-54, radec J2000, 22:07:43.7136h, -53:46:28.884d, (468 5009 -2.42 0.65 0 0 17.16 -1)
1Jy 2206-237, radec J2000, 22:09:20.1024h, -23:31:52.356d, (800 10695 3 -0.83)
1Jy 2209+08, radec J2000, 22:12:01.3992h, 8:19:16.176d, (178 31400 0.38 -0.15 0 0 8.64 -1)
1Jy 2210+01, radec J2000, 22:12:38.0088h, 1:52:51.168d, (318 22000 5.04 -1.24 0 0 -15.99 -1)
1Jy 2210-25, radec J2000, 22:13:02.5848h, -25:29:31.272d, (408 31400 0.28 -0.07)
1Jy 2211-17 | *3C444.0, radec J2000, 22:14:25.56h, -17:01:38.46d, (80 5009 5.21 -1.29 0 0 -3.83 -1)
1Jy 2216-03, radec J2000, 22:18:52.1016h, -3:35:37.14d, (365 90000 -1.15 0.3874)
1Jy 2221-02 | *3C445.0, radec J2000, 22:23:50.4504h, -2:06:43.956d, (12 5009 2.97 -0.711)
1Jy 2223+21, radec J2000, 22:25:38.0232h, 21:18:06.12d, (318 31400 2.58 -0.63 0 0 -5.83 -1)
1Jy 2223-05 | *3C446.0, radec J2000, 22:25:47.256h, -4:57:01.26d, (20 90000 1.744 -0.2911)
1Jy 2226-41, radec J2000, 22:29:19.0176h, -40:51:32.472d, (80 31400 2.73 -0.72)
1Jy 2227-08, radec J2000, 22:29:40.1928h, -8:32:59.136d, (408 31400 -0.1929 0.1078)
1Jy 2227-399, radec J2000, 22:30:40.2792h, -39:42:52.056d, (800 31400 -0.1524 0.04691)
1Jy 2229+39 | *3C449.0, radec J2000, 22:31:20.532h, 39:21:30.384d, (178 31400 2.53 -0.63)
1Jy 2230+11, radec J2000, 22:32:36.408h, 11:43:50.916d, (318 31400 2.052 -0.403)
1Jy 2234+28, radec J2000, 22:36:22.4352h, 28:28:55.308d, (408 31400 0.04295 0.00674)
1Jy 2240-260, radec J2000, 22:43:26.4h, -25:44:29.58d, (408 31400 1.001 -0.3088)
1Jy 2243+39 | *3C452.0, radec J2000, 22:45:47.7576h, 39:41:19.428d, (26 31400 4.32 -1.02 0 0 -1.83 -1)
1Jy 2243-123, radec J2000, 22:46:18.1944h, -12:06:51.876d, (408 31400 -0.08739 0.1299)
1Jy 2245-328, radec J2000, 22:48:38.6184h, -32:35:50.136d, (800 31400 2.18 -0.37 0 0 -18.97 -1)
1Jy 2247+14, radec J2000, 22:50:24.96h, 14:19:51.42d, (318 31400 1.74 -0.46)
1Jy 2247+11, radec J2000, 22:49:54.816h, 11:36:39.06d, (13 31400 1.97 -0.53 0 0 2.5 -1)
1Jy 2250-41, radec J2000, 22:53:03.1536h, -40:57:46.188d, (80 5009 3.33 -0.87)
1Jy 2251+15 | *3C454.3, radec J2000, 22:53:57.7416h, 16:08:53.628d, (17 90000 1.256 -0.04585)
1Jy 2252-53, radec J2000, 22:55:50.136h, -52:45:38.916d, (800 5009 3.083 -0.83)
1Jy 2254+07, radec J2000, 22:57:17.2896h, 7:43:11.856d, (318 31400 -0.6921 0.1519)
1Jy 2255+41, radec J2000, 22:57:22.0296h, 41:54:17.136d, (408 87200 2.07 -0.56)
1Jy 2255-282, radec J2000, 22:58:05.8272h, -27:58:17.328d, (800 31400 -0.86 0.31)
1Jy 2311-452, radec J2000, 23:14:09.2808h, -44:55:48.72d, (800 5000 1.578 -0.3813)
1Jy 2314+03 | *3C459, radec J2000, 23:16:35.1432h, 4:05:18.456d, (14 31400 4.35 -1.13 0 0 -2.62 -1)
1Jy 2317-27, radec J2000, 23:19:54.948h, -27:28:00.876d, (80 5009 2.83 -0.74)
1Jy 2318+04, radec J2000, 23:20:44.8512h, 5:13:49.944d, (318 31400 -0.5413 0.1593)
1Jy 2319+27, radec J2000, 23:21:59.856h, 27:32:46.572d, (318 31400 0.68 -0.2)
1Jy 2323+43, radec J2000, 23:25:42.3096h, 43:46:58.944d, (408 31400 1.85 -0.5)
1Jy 2323-40, radec J2000, 23:26:34.116h, -40:27:17.82d, (80 5009 2.94 -0.78)
1Jy 2324+40 | *3C462.0, radec J2000, 23:26:55.9272h, 40:48:09.18d, (178 31400 2.57 -0.7)
1Jy 2324-02, radec J2000, 23:26:54.4872h, -2:02:16.548d, (14 10695 2.17 -0.58 0 0 1.64 -1)
1Jy 2326-477, radec J2000, 23:29:17.5944h, -47:30:19.296d, (800 5009 0.6023 -0.06424)
1Jy 2328+10, radec J2000, 23:30:40.98h, 11:00:18.216d, (318 31400 0.08 -0.02)
1Jy 2329-16, radec J2000, 23:31:38.7144h, -15:56:58.02d, (408 31400 1.42 -0.39)
1Jy 2331-41, radec J2000, 23:34:26.0784h, -41:25:26.904d, (80 8870 3.69 -0.94)
1Jy 2331-240, radec J2000, 23:33:55.272h, -23:43:41.736d, (408 31400 0.51 -0.15)
1Jy 2333-528, radec J2000, 23:36:12.4944h, -52:36:19.512d, (800 8870 0.593 -0.1394)
1Jy 2335+26 | *3C465, radec J2000, 23:38:26.1h, 27:01:14.16d, (26 5000 4.1 -0.99 0 0 -2.04 -1)
1Jy 2337-334, radec J2000, 23:39:55.26h, -33:10:19.92d, (800 5009 0.7824 -0.1891)
1Jy 2344+09, radec J2000, 23:46:36.84h, 9:30:45.684d, (15 31400 0.9174 -0.1969)
1Jy 2345-16, radec J2000, 23:48:02.6112h, -16:31:12.108d, (408 31400 -0.3658 0.2223)
1Jy 2351+45, radec J2000, 23:54:21.4608h, 45:53:03.984d, (408 31400 1.141 -0.2767)
1Jy 2352+49, radec J2000, 23:55:09.4584h, 49:50:08.484d, (408 31400 3.9 -0.88 0 0 -17 -1)
1Jy 2353-68, radec J2000, 23:56:02.2752h, -68:20:59.676d, (800 8870 -0.12 0.04)
1Jy 2354-11, radec J2000, 23:57:31.2384h, -11:25:40.08d, (800 2400 0.32 0.09 0 0 -0.01 1)
1Jy 2355-534, radec J2000, 23:57:53.4984h, -53:11:17.556d, (800 5009 -1.133 0.3546)
1Jy 2356-61, radec J2000, 23:58:59.2848h, -60:54:57.492d, (468 5009 5.19 -1.15 0 0 -3.74 -1)
